"target_domain","source_domain","source_url","target_url","is_active","first_seen","last_seen","seen_quarters","openpagerank_score","majestic_rank","tranco_rank","openpagerank_rank"
"cointelegraph.com","archive.org","https://archive.org/","https://cointelegraph.com/","True","2025Q1","2026Q1","5","6.86","59","143","137"
"coindesk.com","archive.org","https://archive.org/","https://coindesk.com/","True","2025Q1","2026Q1","5","6.86","59","143","137"
"cointelegraph.com","500px.com","https://500px.com/","https://cointelegraph.com/","True","2025Q1","2026Q1","4","6.36","878","3074","307"
"coindesk.com","coinmarketcap.com","https://coinmarketcap.com/","https://coindesk.com/","True","2025Q1","2026Q1","5","5.73","1161","2171","1705"
"coindesk.com","builtin.com","https://builtin.com/","https://coindesk.com/","True","2025Q1","2026Q1","5","5.37","3128","11190","2809"
"cointelegraph.com","builtin.com","https://builtin.com/","https://cointelegraph.com/","True","2025Q1","2026Q1","5","5.37","3128","11190","2809"
"cointelegraph.com","artsy.net","https://artsy.net/","https://cointelegraph.com/","True","2025Q4","2026Q1","2","5.29","2751","8501","3239"
"coindesk.com","audioboom.com","https://audioboom.com/","https://coindesk.com/","True","2025Q1","2026Q1","2","5.24","4653","15546","3627"
"coindesk.com","cfr.org","https://cfr.org/","https://coindesk.com/","True","2025Q1","2026Q1","5","5.2","3566","6026","3993"
"coindesk.com","cmu.edu","https://cmu.edu/","https://coindesk.com/","True","2025Q1","2026Q1","5","5.11","425","1742","4906"
"cointelegraph.com","anz.com","https://anz.com/","https://cointelegraph.com/","True","2025Q1","2026Q1","4","5.05","24029","24614","5791"
"coindesk.com","ballotpedia.org","https://ballotpedia.org/","https://coindesk.com/","True","2025Q1","2026Q1","4","5.05","3093","11731","5674"
"coindesk.com","blockchain.com","https://blockchain.com/","https://coindesk.com/","True","2025Q1","2026Q1","5","5.03","3433","11271","6029"
"coindesk.com","acorns.com","https://acorns.com/","https://coindesk.com/","True","2025Q1","2026Q1","5","5.01","15872","7101","6426"
"coindesk.com","bitrue.com","https://bitrue.com/","https://coindesk.com/","True","2025Q1","2026Q1","5","5.01","39366","23789","6388"
"cointelegraph.com","bitrue.com","https://bitrue.com/","https://cointelegraph.com/","True","2025Q1","2026Q1","5","5.01","39366","23789","6388"
"coindesk.com","adexchanger.com","https://adexchanger.com/","https://coindesk.com/","True","2025Q3","2026Q1","3","4.99","14322","48158","6797"
"cointelegraph.com","adexchanger.com","https://adexchanger.com/","https://cointelegraph.com/","True","2025Q3","2026Q1","3","4.99","14322","48158","6797"
"coindesk.com","bmo.com","https://bmo.com/","https://coindesk.com/","True","2025Q2","2026Q1","3","4.99","6943","13207","6845"
"coindesk.com","canaltech.com.br","https://canaltech.com.br/","https://coindesk.com/","True","2025Q1","2026Q1","4","4.97","16544","33584","7342"
"cointelegraph.com","canaltech.com.br","https://canaltech.com.br/","https://cointelegraph.com/","True","2025Q1","2026Q1","4","4.97","16544","33584","7342"
"cointelegraph.com","arabianbusiness.com","https://arabianbusiness.com/","https://cointelegraph.com/","True","2025Q2","2026Q1","3","4.89","6334","24375","9565"
"cointelegraph.com","bizcommunity.com","https://bizcommunity.com/","https://cointelegraph.com/","True","2025Q2","2026Q1","3","4.89","10000","26414","9411"
"coindesk.com","bizcommunity.com","https://bizcommunity.com/","https://coindesk.com/","True","2025Q1","2026Q1","5","4.89","10000","26414","9411"
"coindesk.com","bruegel.org","https://bruegel.org/","https://coindesk.com/","True","2025Q1","2026Q1","5","4.89","9938","37496","9400"
"cointelegraph.com","actionnetwork.com","https://actionnetwork.com/","https://cointelegraph.com/","True","2025Q3","2026Q1","3","4.83","10033","16937","11995"
"coindesk.com","citizen.org","https://citizen.org/","https://coindesk.com/","True","2025Q1","2026Q1","5","4.82","7191","29127","12250"
"coindesk.com","brusselstimes.com","https://brusselstimes.com/","https://coindesk.com/","True","2025Q1","2026Q1","4","4.8","6686","26463","13252"
"cointelegraph.com","bestbuy.ca","https://bestbuy.ca/","https://cointelegraph.com/","True","2025Q1","2026Q1","5","4.75","7845","5732","16150"
"cointelegraph.com","cake.me","https://cake.me/","https://cointelegraph.com/","True","2025Q1","2026Q1","5","4.72","7617","24426","18613"
"coindesk.com","chinadigitaltimes.net","https://chinadigitaltimes.net/","https://coindesk.com/","True","2025Q1","2026Q1","5","4.72","23389","61166","18193"
"coindesk.com","cnyes.com","https://cnyes.com/","https://coindesk.com/","True","2025Q1","2026Q1","3","4.69","22668","18403","20959"
"coindesk.com","builtinaustin.com","https://builtinaustin.com/","https://coindesk.com/","True","2025Q4","2026Q1","2","4.68","159168","245191","22194"
"coindesk.com","business-gazeta.ru","https://business-gazeta.ru/","https://coindesk.com/","True","2025Q1","2026Q1","5","4.68","9298","12522","22223"
"coindesk.com","banano.cc","https://banano.cc/","https://coindesk.com/","True","2025Q1","2026Q1","5","4.67","446688","363304","23395"
"coindesk.com","artsjournal.com","https://artsjournal.com/","https://coindesk.com/","True","2025Q2","2026Q1","3","4.65","29411","114601","25358"
"coindesk.com","blockchair.com","https://blockchair.com/","https://coindesk.com/","True","2025Q1","2026Q1","5","4.65","20115","27680","25098"
"cointelegraph.com","blockchair.com","https://blockchair.com/","https://cointelegraph.com/","True","2025Q1","2026Q1","5","4.65","20115","27680","25098"
"coindesk.com","bard.edu","https://bard.edu/","https://coindesk.com/","True","2025Q1","2026Q1","5","4.62","8021","28695","28253"
"coindesk.com","bitcoinist.com","https://bitcoinist.com/","https://coindesk.com/","True","2025Q1","2026Q1","5","4.61","5545","23072","29641"
"cointelegraph.com","bitcoinist.com","https://bitcoinist.com/","https://cointelegraph.com/","True","2025Q1","2026Q1","5","4.61","5545","23072","29641"
"cointelegraph.com","bibliotecapleyades.net","https://bibliotecapleyades.net/","https://cointelegraph.com/","True","2025Q1","2026Q1","5","4.6","11519","42645","31759"
"coindesk.com","bibliotecapleyades.net","https://bibliotecapleyades.net/","https://coindesk.com/","True","2025Q1","2026Q1","5","4.6","11519","42645","31759"
"coindesk.com","china-briefing.com","https://china-briefing.com/","https://coindesk.com/","True","2025Q1","2026Q1","3","4.6","13644","47745","31478"
"coindesk.com","bvp.com","https://bvp.com/","https://coindesk.com/","True","2025Q1","2026Q1","4","4.59","25963","99866","33027"
"coindesk.com","clario.co","https://clario.co/","https://coindesk.com/","True","2025Q1","2026Q1","5","4.59","104431","53592","32743"
"coindesk.com","codastory.com","https://codastory.com/","https://coindesk.com/","True","2025Q1","2026Q1","5","4.59","39969","155051","32825"
"cointelegraph.com","advertisingweek.com","https://advertisingweek.com/","https://cointelegraph.com/","True","2025Q1","2026Q1","4","4.55","48975","166358","38732"
"coindesk.com","cato-unbound.org","https://cato-unbound.org/","https://coindesk.com/","True","2025Q2","2026Q1","4","4.55","42214","165141","38869"
"coindesk.com","acc.com","https://acc.com/","https://coindesk.com/","True","2025Q1","2026Q1","4","4.51","38677","76779","45381"
"coindesk.com","charities.org","https://charities.org/","https://coindesk.com/","True","2025Q1","2026Q1","5","4.51","166817","417734","46572"
"coindesk.com","chrisguillebeau.com","https://chrisguillebeau.com/","https://coindesk.com/","True","2025Q1","2026Q1","5","4.51","61678","222196","45221"
"cointelegraph.com","alleywatch.com","https://alleywatch.com/","https://cointelegraph.com/","True","2025Q2","2026Q1","3","4.5","73488","238472","48338"
"coindesk.com","alleywatch.com","https://alleywatch.com/","https://coindesk.com/","True","2025Q2","2026Q1","3","4.5","73488","238472","48338"
"coindesk.com","classaction.org","https://classaction.org/","https://coindesk.com/","True","2025Q1","2026Q1","5","4.5","15596","43826","48653"
"coindesk.com","bitfury.com","https://bitfury.com/","https://coindesk.com/","True","2025Q1","2026Q1","5","4.48","142704","468634","51972"
"cointelegraph.com","archyde.com","https://archyde.com/","https://cointelegraph.com/","True","2025Q1","2026Q1","5","4.46","28082","97178","60499"
"coindesk.com","archyde.com","https://archyde.com/","https://coindesk.com/","True","2025Q1","2026Q1","5","4.46","28082","97178","60499"
"cointelegraph.com","beehiiv.com","https://beehiiv.com/","https://cointelegraph.com/","True","2025Q1","2026Q1","5","4.44","3353","7618","65573"
"coindesk.com","beehiiv.com","https://beehiiv.com/","https://coindesk.com/","True","2025Q1","2026Q1","5","4.44","3353","7618","65573"
"cointelegraph.com","brandvm.com","https://brandvm.com/","https://cointelegraph.com/","True","2025Q1","2026Q1","4","4.44","74797","233873","66855"
"coindesk.com","brandvm.com","https://brandvm.com/","https://coindesk.com/","True","2025Q1","2026Q1","5","4.44","74797","233873","66855"
"coindesk.com","chain.link","https://chain.link/","https://coindesk.com/","True","2025Q1","2026Q1","5","4.44","11627","19938","64980"
"coindesk.com","bosfera.ru","https://bosfera.ru/","https://coindesk.com/","True","2025Q1","2026Q1","4","4.43","152038","340057","69189"
"coindesk.com","bulawayo24.com","https://bulawayo24.com/","https://coindesk.com/","True","2025Q1","2026Q1","3","4.43","69093","72467","70008"
"coindesk.com","19fortyfive.com","https://19fortyfive.com/","https://coindesk.com/","True","2025Q1","2026Q1","4","4.42","21781","13931","72248"
"cointelegraph.com","19fortyfive.com","https://19fortyfive.com/","https://cointelegraph.com/","True","2025Q1","2026Q1","5","4.42","21781","13931","72248"
"coindesk.com","aerolab.co","https://aerolab.co/","https://coindesk.com/","True","2025Q1","2026Q1","5","4.42","678274",,"72827"
"cointelegraph.com","aiagentstore.ai","https://aiagentstore.ai/","https://cointelegraph.com/","True","2025Q1","2026Q1","4","4.42","537655",,"74529"
"cointelegraph.com","bulios.com","https://bulios.com/","https://cointelegraph.com/","True","2025Q1","2026Q1","5","4.42","30703","98968","73605"
"coindesk.com","bulios.com","https://bulios.com/","https://coindesk.com/","True","2025Q1","2026Q1","5","4.42","30703","98968","73605"
"cointelegraph.com","biznews.com","https://biznews.com/","https://cointelegraph.com/","True","2025Q1","2026Q1","5","4.4","40426","130929","82050"
"coindesk.com","biznews.com","https://biznews.com/","https://coindesk.com/","True","2025Q1","2026Q1","4","4.4","40426","130929","82050"
"coindesk.com","47news.ru","https://47news.ru/","https://coindesk.com/","True","2025Q1","2026Q1","4","4.39","40966","56751","87467"
"coindesk.com","b9.com.br","https://b9.com.br/","https://coindesk.com/","True","2025Q2","2026Q1","4","4.39","116820","273511","86916"
"coindesk.com","americanfootballinternational.com","https://americanfootballinternational.com/","https://coindesk.com/","True","2025Q1","2026Q1","4","4.37","126893","352338","100806"
"cointelegraph.com","armblog.net","https://armblog.net/","https://cointelegraph.com/","True","2025Q1","2026Q1","4","4.37",,,"105121"
"coindesk.com","armblog.net","https://armblog.net/","https://coindesk.com/","True","2025Q1","2026Q1","4","4.37",,,"105121"
"coindesk.com","artcollection.io","https://artcollection.io/","https://coindesk.com/","True","2025Q1","2026Q1","4","4.37",,,"104744"
"coindesk.com","blockchaincommons.com","https://blockchaincommons.com/","https://coindesk.com/","True","2025Q1","2026Q1","5","4.37","964751",,"99987"
"cointelegraph.com","blockchaincommons.com","https://blockchaincommons.com/","https://cointelegraph.com/","True","2025Q1","2026Q1","5","4.37","964751",,"99987"
"coindesk.com","bossa.pl","https://bossa.pl/","https://coindesk.com/","True","2025Q1","2026Q1","5","4.37","373253","188113","100942"
"cointelegraph.com","boxinginsider.com","https://boxinginsider.com/","https://cointelegraph.com/","True","2025Q1","2026Q1","3","4.37","58777","221106","99500"
"cointelegraph.com","asiafinancial.com","https://asiafinancial.com/","https://cointelegraph.com/","True","2025Q1","2026Q1","4","4.36","74623","225954","107074"
"coindesk.com","asiafinancial.com","https://asiafinancial.com/","https://coindesk.com/","True","2025Q1","2026Q1","4","4.36","74623","225954","107074"
"cointelegraph.com","bitunix.com","https://bitunix.com/","https://cointelegraph.com/","True","2025Q4","2026Q1","2","4.36","180597","23779","113068"
"coindesk.com","appreciatewealth.com","https://appreciatewealth.com/","https://coindesk.com/","True","2025Q2","2026Q1","3","4.35","637606",,"131316"
"coindesk.com","btimesonline.com","https://btimesonline.com/","https://coindesk.com/","True","2025Q1","2026Q1","5","4.35","254972","918358","130248"
"cointelegraph.com","btimesonline.com","https://btimesonline.com/","https://cointelegraph.com/","True","2025Q1","2026Q1","5","4.35","254972","918358","130248"
"cointelegraph.com","3djuegos.com","https://3djuegos.com/","https://cointelegraph.com/","True","2025Q4","2026Q1","2","4.34","30336","40423","142678"
"cointelegraph.com","ambire.com","https://ambire.com/","https://cointelegraph.com/","True","2025Q1","2026Q1","5","4.34","322669","271087","148580"
"coindesk.com","ambire.com","https://ambire.com/","https://coindesk.com/","True","2025Q1","2026Q1","5","4.34","322669","271087","148580"
"coindesk.com","coin.dance","https://coin.dance/","https://coindesk.com/","True","2025Q1","2026Q1","5","4.34","69874","258962","139978"
"cointelegraph.com","blazetrends.com","https://blazetrends.com/","https://cointelegraph.com/","True","2025Q2","2026Q1","4","4.33","425227","985878","202059"
"cointelegraph.com","armchairarcade.com","https://armchairarcade.com/","https://cointelegraph.com/","True","2025Q1","2026Q1","4","4.31","81259","276163","213780"
"cointelegraph.com","ascendex.com","https://ascendex.com/","https://cointelegraph.com/","True","2025Q1","2026Q1","5","4.29","112254","102661","238905"
"cointelegraph.com","ampmedia.jp","https://ampmedia.jp/","https://cointelegraph.com/","True","2025Q1","2026Q1","5","4.28","305138","404595","246252"
"cointelegraph.com","ai-online.com","https://ai-online.com/","https://cointelegraph.com/","True","2025Q2","2026Q1","3","4.26","391519","831417","282392"
"cointelegraph.com","berlinglobal.org","https://berlinglobal.org/","https://cointelegraph.com/","True","2025Q1","2026Q1","5","4.25",,,"300730"
"cointelegraph.com","bipc.com","https://bipc.com/","https://cointelegraph.com/","True","2025Q1","2026Q1","4","4.25","126556","226650","302979"
"cointelegraph.com","anonhq.com","https://anonhq.com/","https://cointelegraph.com/","True","2025Q2","2026Q1","3","4.24","155146","494040","322213"
"cointelegraph.com","b2b-cambodia.com","https://b2b-cambodia.com/","https://cointelegraph.com/","True","2025Q1","2026Q1","4","4.24","350913",,"338678"
"cointelegraph.com","appsafrica.com","https://appsafrica.com/","https://cointelegraph.com/","True","2025Q1","2026Q1","3","4.23","973191",,"349939"
"cointelegraph.com","appworks.tw","https://appworks.tw/","https://cointelegraph.com/","True","2025Q1","2026Q1","5","4.22","563541",,"407756"
"cointelegraph.com","bitedge.com","https://bitedge.com/","https://cointelegraph.com/","True","2025Q1","2026Q1","5","4.22","85764","284814","403238"
"cointelegraph.com","altusintel.com","https://altusintel.com/","https://cointelegraph.com/","True","2025Q2","2026Q1","2","4.21",,,"506726"
"cointelegraph.com","braziljs.org","https://braziljs.org/","https://cointelegraph.com/","True","2025Q1","2026Q1","4","4.21","964809",,"453244"
"cointelegraph.com","business-leaders.net","https://business-leaders.net/","https://cointelegraph.com/","True","2025Q1","2026Q1","5","4.21",,,"433289"
"cointelegraph.com","beautimode.com","https://beautimode.com/","https://cointelegraph.com/","True","2025Q1","2026Q1","2","4.2","631393","841564","574125"
"cointelegraph.com","bergamoesport.it","https://bergamoesport.it/","https://cointelegraph.com/","True","2025Q3","2026Q1","2","4.2",,,"511630"
"cointelegraph.com","basisonline.org","https://basisonline.org/","https://cointelegraph.com/","True","2025Q1","2026Q1","5","4.18",,,"774812"
"cointelegraph.com","bitsgap.com","https://bitsgap.com/","https://cointelegraph.com/","True","2025Q1","2026Q1","5","4.18","101722","224391","773378"
"cointelegraph.com","blackhatmea.com","https://blackhatmea.com/","https://cointelegraph.com/","True","2025Q1","2026Q1","5","4.18","367799","923980","773500"
